from,to
1714219.1826999981,DIFF
And here,8645226.16485001
Previous value ,New value
